Variation;;;;;;;;
2.61;;;;;;;;
-5.04;;;;;;;;
-1.07;;;;;;;;
0.84;;;;;;;;
-0.69;;;;;;;;
-0.80;;;;;;;;
0.38;;;;;;;;
1.24;;;;;;;;
-2.44;;;;;;;;
3.84;;;;;;;;
-2.39;;;;;;;;
-1.10;;;;;;;;
-6.05;;;;;;;;
0.92;;;;;;;;
-0.75;;;;;;;;
0.62;;;;;;;;
-0.53;;;;;;;;
1.75;;;;;;;;
1.45;;;;;;;;
-10.16;;;;;;;;
-0.59;;;;;;;;
-2.18;;;;;;;;
-0.99;;;;;;;;
-0.85;;;;;;;;
-0.51;;;;;;;;
0.12;;;;;;;;
1.94;;;;;;;;
-0.09;;;;;;;;
3.51;;;;;;;;
-2.84;;;;;;;;
2.76;;;;;;;;
1.11;;;;;;;;
-1.66;;;;;;;;
3.09;;;;;;;;
-0.89;;;;;;;;
-0.74;;;;;;;;
-1.18;;;;;;;;
-0.15;;;;;;;;
-1.46;;;;;;;;
-0.53;;;;;;;;
-0.37;;;;;;;;
3.92;;;;;;;;
7.90;;;;;;;;
-0.15;;;;;;;;
-5.65;;;;;;;;
0.59;;;;;;;;
-1.01;;;;;;;;
-2.06;;;;;;;;
-0.25;;;;;;;;
-0.81;;;;;;;;
4.10;;;;;;;;
8.16;;;;;;;;
-2.09;;;;;;;;
1.96;;;;;;;;
1.16;;;;;;;;
1.64;;;;;;;;
4.84;;;;;;;;
-3.18;;;;;;;;
-4.36;;;;;;;;
-3.34;;;;;;;;
-0.11;;;;;;;;
-0.09;;;;;;;;
5.17;;;;;;;;
1.92;;;;;;;;
-0.27;;;;;;;;
4.74;;;;;;;;
0.41;;;;;;;;
-0.29;;;;;;;;
-3.27;;;;;;;;
-0.84;;;;;;;;
-0.79;;;;;;;;
-2.18;;;;;;;;
-1.66;;;;;;;;
-1.95;;;;;;;;
1.21;;;;;;;;
0.75;;;;;;;;
5.66;;;;;;;;
-3.62;;;;;;;;
0.68;;;;;;;;
-0.01;;;;;;;;
8.31;;;;;;;;
-7.02;;;;;;;;
0.08;;;;;;;;
-9.74;;;;;;;;
1.90;;;;;;;;
-1.40;;;;;;;;
-15.68;;;;;;;;
-6.17;;;;;;;;
-2.33;;;;;;;;
-3.35;;;;;;;;
-0.39;;;;;;;;
-2.95;;;;;;;;
-0.71;;;;;;;;
4.84;;;;;;;;
0.16;;;;;;;;
0.49;;;;;;;;
-2.45;;;;;;;;
2.17;;;;;;;;
-6.17;;;;;;;;
0.21;;;;;;;;
7.63;;;;;;;;
1.51;;;;;;;;
1.50;;;;;;;;
-2.07;;;;;;;;
-1.05;;;;;;;;
-0.41;;;;;;;;
1.91;;;;;;;;
-3.94;;;;;;;;
2.87;;;;;;;;
0.81;;;;;;;;
-3.72;;;;;;;;
5.75;;;;;;;;
-5.79;;;;;;;;
1.97;;;;;;;;
-4.68;;;;;;;;
4.04;;;;;;;;
2.72;;;;;;;;
0.74;;;;;;;;
-0.02;;;;;;;;
-6.30;;;;;;;;
2.96;;;;;;;;
-11.52;;;;;;;;
-4.01;;;;;;;;
-1.48;;;;;;;;
-1.47;;;;;;;;
-7.87;;;;;;;;
5.17;;;;;;;;
-2.00;;;;;;;;
0.06;;;;;;;;
2.21;;;;;;;;
-2.43;;;;;;;;
-2.91;;;;;;;;
1.26;;;;;;;;
2.95;;;;;;;;
-5.73;;;;;;;;
2.46;;;;;;;;
0.10;;;;;;;;
-0.70;;;;;;;;
-1.92;;;;;;;;
-2.09;;;;;;;;
-0.36;;;;;;;;
1.70;;;;;;;;
2.80;;;;;;;;
-1.74;;;;;;;;
-0.44;;;;;;;;
1.60;;;;;;;;
-2.93;;;;;;;;
2.66;;;;;;;;
1.32;;;;;;;;
-6.20;;;;;;;;
-1.40;;;;;;;;
1.19;;;;;;;;
-2.72;;;;;;;;
0.60;;;;;;;;
-5.02;;;;;;;;
-2.42;;;;;;;;
0.49;;;;;;;;
1.22;;;;;;;;
-1.03;;;;;;;;
1.68;;;;;;;;
-3.19;;;;;;;;
-0.82;;;;;;;;
0.68;;;;;;;;
0.57;;;;;;;;
5.16;;;;;;;;
0.45;;;;;;;;
0.76;;;;;;;;
2.61;;;;;;;;
1.21;;;;;;;;
3.26;;;;;;;;
-0.53;;;;;;;;
-2.29;;;;;;;;
1.05;;;;;;;;
2.03;;;;;;;;
-0.50;;;;;;;;
4.66;;;;;;;;
-1.01;;;;;;;;
5.14;;;;;;;;
-2.68;;;;;;;;
0.20;;;;;;;;
-1.83;;;;;;;;
-5.97;;;;;;;;
8.27;;;;;;;;
1.89;;;;;;;;
-1.04;;;;;;;;
-2.46;;;;;;;;
0.61;;;;;;;;
-7.81;;;;;;;;
-3.33;;;;;;;;
-1.10;;;;;;;;
2.87;;;;;;;;
14.49;;;;;;;;
-3.56;;;;;;;;
-0.30;;;;;;;;
2.25;;;;;;;;
2.92;;;;;;;;
-2.63;;;;;;;;
3.36;;;;;;;;
-3.56;;;;;;;;
-4.29;;;;;;;;
0.26;;;;;;;;
-1.28;;;;;;;;
-7.59;;;;;;;;
-1.51;;;;;;;;
4.70;;;;;;;;
1.11;;;;;;;;
-0.35;;;;;;;;
-0.42;;;;;;;;
-2.59;;;;;;;;
-2.00;;;;;;;;
0.84;;;;;;;;
0.45;;;;;;;;
3.40;;;;;;;;
2.34;;;;;;;;
-0.26;;;;;;;;
11.34;;;;;;;;
1.10;;;;;;;;
-4.67;;;;;;;;
0.54;;;;;;;;
1.55;;;;;;;;
-0.68;;;;;;;;
1.16;;;;;;;;
1.46;;;;;;;;
1.05;;;;;;;;
-0.44;;;;;;;;
0.80;;;;;;;;
1.09;;;;;;;;
3.43;;;;;;;;
-3.83;;;;;;;;
-10.41;;;;;;;;
-2.25;;;;;;;;
-1.68;;;;;;;;
0.35;;;;;;;;
-1.95;;;;;;;;
0.03;;;;;;;;
-0.05;;;;;;;;
1.24;;;;;;;;
-3.07;;;;;;;;
2.73;;;;;;;;
2.16;;;;;;;;
-0.03;;;;;;;;
0.41;;;;;;;;
0.39;;;;;;;;
-3.70;;;;;;;;
-0.71;;;;;;;;
-5.26;;;;;;;;
-1.32;;;;;;;;
-1.84;;;;;;;;
-0.92;;;;;;;;
3.33;;;;;;;;
-1.99;;;;;;;;
1.49;;;;;;;;
-2.29;;;;;;;;
-6.18;;;;;;;;
-0.22;;;;;;;;
0.71;;;;;;;;
-0.74;;;;;;;;
0.01;;;;;;;;
4.50;;;;;;;;
-0.61;;;;;;;;
4.32;;;;;;;;
0.39;;;;;;;;
-0.35;;;;;;;;
1.49;;;;;;;;
-3.11;;;;;;;;
-2.51;;;;;;;;
1.02;;;;;;;;
3.49;;;;;;;;
-6.68;;;;;;;;
1.54;;;;;;;;
4.65;;;;;;;;
-0.93;;;;;;;;
-5.73;;;;;;;;
-0.26;;;;;;;;
0.13;;;;;;;;
2.22;;;;;;;;
0.40;;;;;;;;
-8.26;;;;;;;;
-4.97;;;;;;;;
-1.28;;;;;;;;
0.55;;;;;;;;
-1.57;;;;;;;;
0.91;;;;;;;;
4.54;;;;;;;;
2.04;;;;;;;;
-8.91;;;;;;;;
3.12;;;;;;;;
-0.68;;;;;;;;
2.31;;;;;;;;
-4.24;;;;;;;;
-1.59;;;;;;;;
2.77;;;;;;;;
1.96;;;;;;;;
-5.58;;;;;;;;
0.44;;;;;;;;
-5.41;;;;;;;;
-2.92;;;;;;;;
1.65;;;;;;;;
0.39;;;;;;;;
-1.00;;;;;;;;
-0.24;;;;;;;;
-2.96;;;;;;;;
-0.88;;;;;;;;
6.75;;;;;;;;
2.87;;;;;;;;
0.79;;;;;;;;
-0.66;;;;;;;;
-2.35;;;;;;;;
-0.55;;;;;;;;
3.81;;;;;;;;
-0.66;;;;;;;;
-0.82;;;;;;;;
-0.64;;;;;;;;
2.70;;;;;;;;
3.67;;;;;;;;
-3.05;;;;;;;;
-4.45;;;;;;;;
3.70;;;;;;;;
-0.74;;;;;;;;
0.98;;;;;;;;
-2.40;;;;;;;;
-5.74;;;;;;;;
2.73;;;;;;;;
3.55;;;;;;;;
0.85;;;;;;;;
1.06;;;;;;;;
-1.36;;;;;;;;
7.59;;;;;;;;
-0.05;;;;;;;;
2.53;;;;;;;;
-2.61;;;;;;;;
5.06;;;;;;;;
-0.50;;;;;;;;
1.95;;;;;;;;
0.25;;;;;;;;
-2.78;;;;;;;;
7.42;;;;;;;;
4.58;;;;;;;;
2.09;;;;;;;;
1.19;;;;;;;;
-1.00;;;;;;;;
9.87;;;;;;;;
5.48;;;;;;;;
1.19;;;;;;;;
-2.67;;;;;;;;
-2.29;;;;;;;;
1.10;;;;;;;;
-0.39;;;;;;;;
-4.47;;;;;;;;
2.98;;;;;;;;
7.18;;;;;;;;
-5.44;;;;;;;;
-8.97;;;;;;;;
-2.21;;;;;;;;
2.15;;;;;;;;
-1.03;;;;;;;;
-0.73;;;;;;;;
2.25;;;;;;;;
4.71;;;;;;;;
-2.41;;;;;;;;
1.99;;;;;;;;
0.71;;;;;;;;
-3.31;;;;;;;;
0.65;;;;;;;;
-1.48;;;;;;;;
-11.20;;;;;;;;
1.77;;;;;;;;
3.73;;;;;;;;
-0.20;;;;;;;;
1.44;;;;;;;;
0.92;;;;;;;;
3.58;;;;;;;;
0.32;;;;;;;;
-3.67;;;;;;;;
-0.23;;;;;;;;
-0.33;;;;;;;;
4.79;;;;;;;;
-4.40;;;;;;;;
2.67;;;;;;;;
-3.68;;;;;;;;
0.56;;;;;;;;
0.81;;;;;;;;
-0.94;;;;;;;;
5.49;;;;;;;;
4.52;;;;;;;;
0.10;;;;;;;;
-2.70;;;;;;;;
-2.32;;;;;;;;
-0.11;;;;;;;;
-1.58;;;;;;;;
7.70;;;;;;;;
-2.47;;;;;;;;
-0.14;;;;;;;;
-1.47;;;;;;;;
5.76;;;;;;;;
-1.84;;;;;;;;
4.11;;;;;;;;
4.75;;;;;;;;
2.85;;;;;;;;
4.05;;;;;;;;
-2.42;;;;;;;;
-1.92;;;;;;;;
-3.59;;;;;;;;
-1.80;;;;;;;;
5.31;;;;;;;;
0.09;;;;;;;;
1.11;;;;;;;;
6.08;;;;;;;;
5.34;;;;;;;;
4.62;;;;;;;;
0.74;;;;;;;;
3.95;;;;;;;;
0.56;;;;;;;;
7.83;;;;;;;;
-3.37;;;;;;;;
-3.07;;;;;;;;
0.84;;;;;;;;
0.41;;;;;;;;
-1.34;;;;;;;;
-2.94;;;;;;;;
0.29;;;;;;;;
-1.10;;;;;;;;
-3.36;;;;;;;;
2.19;;;;;;;;
-0.78;;;;;;;;
2.72;;;;;;;;
-2.99;;;;;;;;
-0.74;;;;;;;;
1.40;;;;;;;;
-4.59;;;;;;;;
1.53;;;;;;;;
2.79;;;;;;;;
0.78;;;;;;;;
-4.25;;;;;;;;
-2.37;;;;;;;;
4.09;;;;;;;;
-0.67;;;;;;;;
7.29;;;;;;;;
2.45;;;;;;;;
-8.87;;;;;;;;
2.83;;;;;;;;
3.53;;;;;;;;
2.49;;;;;;;;
-10.86;;;;;;;;
0.13;;;;;;;;
-0.60;;;;;;;;
-5.94;;;;;;;;
-0.71;;;;;;;;
-4.50;;;;;;;;
-0.89;;;;;;;;
3.84;;;;;;;;
9.77;;;;;;;;
-4.84;;;;;;;;
1.88;;;;;;;;
-1.87;;;;;;;;
11.77;;;;;;;;
-0.54;;;;;;;;
-6.11;;;;;;;;
0.67;;;;;;;;
-3.56;;;;;;;;
-6.01;;;;;;;;
4.31;;;;;;;;
2.50;;;;;;;;
-1.70;;;;;;;;
4.75;;;;;;;;
3.02;;;;;;;;
-3.08;;;;;;;;
-7.20;;;;;;;;
-2.20;;;;;;;;
2.45;;;;;;;;
-1.06;;;;;;;;
11.64;;;;;;;;
-7.60;;;;;;;;
0.45;;;;;;;;
-7.79;;;;;;;;
10.40;;;;;;;;
-14.39;;;;;;;;
-1.40;;;;;;;;
-6.52;;;;;;;;
-0.43;;;;;;;;
-6.27;;;;;;;;
0.34;;;;;;;;
0.04;;;;;;;;
-12.32;;;;;;;;
1.55;;;;;;;;
-4.16;;;;;;;;
-1.05;;;;;;;;
2.69;;;;;;;;
1.59;;;;;;;;
-1.79;;;;;;;;
7.91;;;;;;;;
-6.79;;;;;;;;
0.96;;;;;;;;
-2.02;;;;;;;;
0.24;;;;;;;;
7.60;;;;;;;;
-2.36;;;;;;;;
-0.33;;;;;;;;
1.74;;;;;;;;
10.15;;;;;;;;
-2.09;;;;;;;;
-1.90;;;;;;;;
-1.24;;;;;;;;
-3.79;;;;;;;;
-4.70;;;;;;;;
1.50;;;;;;;;
-0.93;;;;;;;;
-6.35;;;;;;;;
-2.21;;;;;;;;
-2.96;;;;;;;;
0.40;;;;;;;;
-0.91;;;;;;;;
6.04;;;;;;;;
-0.22;;;;;;;;
0.35;;;;;;;;
2.94;;;;;;;;
0.01;;;;;;;;
3.84;;;;;;;;
-3.50;;;;;;;;
-1.95;;;;;;;;
1.55;;;;;;;;
2.13;;;;;;;;
-3.28;;;;;;;;
0.39;;;;;;;;
-0.12;;;;;;;;
-0.08;;;;;;;;
2.03;;;;;;;;
3.41;;;;;;;;
-0.20;;;;;;;;
1.62;;;;;;;;
7.07;;;;;;;;
-1.88;;;;;;;;
-3.65;;;;;;;;
0.48;;;;;;;;
-5.74;;;;;;;;
-1.24;;;;;;;;
0.02;;;;;;;;
0.75;;;;;;;;
-2.09;;;;;;;;
3.42;;;;;;;;
2.30;;;;;;;;
-5.70;;;;;;;;
-3.60;;;;;;;;
6.79;;;;;;;;
-0.96;;;;;;;;
3.42;;;;;;;;
1.83;;;;;;;;
4.88;;;;;;;;
2.67;;;;;;;;
4.37;;;;;;;;
0.17;;;;;;;;
0.92;;;;;;;;
-4.08;;;;;;;;
3.91;;;;;;;;
-2.11;;;;;;;;
9.43;;;;;;;;
-1.98;;;;;;;;
-0.22;;;;;;;;
-1.75;;;;;;;;
-5.17;;;;;;;;
1.69;;;;;;;;
-9.60;;;;;;;;
-5.75;;;;;;;;
2.75;;;;;;;;
-0.02;;;;;;;;
8.30;;;;;;;;
-0.95;;;;;;;;
5.76;;;;;;;;
2.68;;;;;;;;
-1.33;;;;;;;;
2.99;;;;;;;;
-0.45;;;;;;;;
-1.20;;;;;;;;
6.98;;;;;;;;
-3.55;;;;;;;;
0.10;;;;;;;;
19.56;;;;;;;;
-1.06;;;;;;;;
2.61;;;;;;;;
3.48;;;;;;;;
-1.86;;;;;;;;
5.94;;;;;;;;
5.97;;;;;;;;
1.26;;;;;;;;
-3.47;;;;;;;;
0.16;;;;;;;;
2.85;;;;;;;;
9.45;;;;;;;;
-6.35;;;;;;;;
0.78;;;;;;;;
-0.09;;;;;;;;
0.62;;;;;;;;
-2.91;;;;;;;;
7.09;;;;;;;;
-13.09;;;;;;;;
-1.22;;;;;;;;
-2.02;;;;;;;;
2.22;;;;;;;;
-0.42;;;;;;;;
-1.87;;;;;;;;
-6.20;;;;;;;;
4.80;;;;;;;;
9.59;;;;;;;;
-3.87;;;;;;;;
-7.19;;;;;;;;
-4.84;;;;;;;;
-0.83;;;;;;;;
2.80;;;;;;;;
7.22;;;;;;;;
8.12;;;;;;;;
6.17;;;;;;;;
-2.88;;;;;;;;
2.44;;;;;;;;
9.67;;;;;;;;
1.43;;;;;;;;
0.18;;;;;;;;
5.73;;;;;;;;
0.95;;;;;;;;
3.11;;;;;;;;
-0.65;;;;;;;;
6.86;;;;;;;;
4.14;;;;;;;;
2.16;;;;;;;;
-2.40;;;;;;;;
4.86;;;;;;;;
-3.10;;;;;;;;
-1.58;;;;;;;;
2.93;;;;;;;;
1.41;;;;;;;;
6.96;;;;;;;;
9.57;;;;;;;;
0.92;;;;;;;;
0.53;;;;;;;;
1.96;;;;;;;;
4.21;;;;;;;;
-1.15;;;;;;;;
-1.62;;;;;;;;
1.23;;;;;;;;
-4.49;;;;;;;;
-1.10;;;;;;;;
1.32;;;;;;;;
2.68;;;;;;;;
-4.06;;;;;;;;
1.07;;;;;;;;
2.31;;;;;;;;
-4.47;;;;;;;;
8.19;;;;;;;;
2.54;;;;;;;;
3.36;;;;;;;;
-0.29;;;;;;;;
-8.07;;;;;;;;
-2.12;;;;;;;;
4.15;;;;;;;;
-0.14;;;;;;;;
-1.40;;;;;;;;
-0.05;;;;;;;;
4.82;;;;;;;;
0.21;;;;;;;;
0.56;;;;;;;;
5.77;;;;;;;;
4.68;;;;;;;;
-0.60;;;;;;;;
-1.54;;;;;;;;
0.10;;;;;;;;
3.72;;;;;;;;
2.60;;;;;;;;
-0.11;;;;;;;;
-1.11;;;;;;;;
4.43;;;;;;;;
-4.67;;;;;;;;
-0.01;;;;;;;;
9.99;;;;;;;;
0.96;;;;;;;;
3.41;;;;;;;;
-1.40;;;;;;;;
-0.23;;;;;;;;
1.62;;;;;;;;
0.87;;;;;;;;
1.35;;;;;;;;
-2.60;;;;;;;;
4.33;;;;;;;;
0.18;;;;;;;;
-0.72;;;;;;;;
1.52;;;;;;;;
-0.41;;;;;;;;
1.27;;;;;;;;
7.55;;;;;;;;
1.43;;;;;;;;
2.08;;;;;;;;
1.26;;;;;;;;
0.44;;;;;;;;
-1.60;;;;;;;;
0.60;;;;;;;;
-0.02;;;;;;;;
-1.02;;;;;;;;
1.54;;;;;;;;
0.68;;;;;;;;
2.14;;;;;;;;
1.17;;;;;;;;
2.40;;;;;;;;
0.69;;;;;;;;
-1.79;;;;;;;;
1.12;;;;;;;;
1.22;;;;;;;;
-0.26;;;;;;;;
-0.45;;;;;;;;
-1.48;;;;;;;;
-0.57;;;;;;;;
1.34;;;;;;;;
-0.84;;;;;;;;
0.49;;;;;;;;
0.39;;;;;;;;
-0.43;;;;;;;;
4.78;;;;;;;;
-2.71;;;;;;;;
1.10;;;;;;;;
-4.58;;;;;;;;
-1.48;;;;;;;;
1.29;;;;;;;;
-0.02;;;;;;;;
-0.11;;;;;;;;
1.61;;;;;;;;
1.04;;;;;;;;
3.44;;;;;;;;
-1.21;;;;;;;;
0.51;;;;;;;;
0.48;;;;;;;;
1.12;;;;;;;;
0.89;;;;;;;;
-2.38;;;;;;;;
1.18;;;;;;;;
0.77;;;;;;;;
-2.74;;;;;;;;
3.09;;;;;;;;
-10.85;;;;;;;;
-4.47;;;;;;;;
2.32;;;;;;;;
-0.50;;;;;;;;
2.07;;;;;;;;
-0.46;;;;;;;;
1.78;;;;;;;;
-1.12;;;;;;;;
1.15;;;;;;;;
-3.63;;;;;;;;
0.90;;;;;;;;
-0.19;;;;;;;;
1.34;;;;;;;;
-2.97;;;;;;;;
0.90;;;;;;;;
-1.54;;;;;;;;
-2.75;;;;;;;;
3.14;;;;;;;;
0.43;;;;;;;;
0.96;;;;;;;;
-0.27;;;;;;;;
1.74;;;;;;;;
1.86;;;;;;;;
-4.31;;;;;;;;
1.85;;;;;;;;
-0.75;;;;;;;;
1.59;;;;;;;;
-1.52;;;;;;;;
0.20;;;;;;;;
4.93;;;;;;;;
-0.38;;;;;;;;
1.56;;;;;;;;
-6.36;;;;;;;;
4.01;;;;;;;;
2.04;;;;;;;;
0.05;;;;;;;;
1.69;;;;;;;;
-1.01;;;;;;;;
11.02;;;;;;;;
2.40;;;;;;;;
1.63;;;;;;;;
-0.58;;;;;;;;
0.60;;;;;;;;
1.66;;;;;;;;
2.43;;;;;;;;
-0.56;;;;;;;;
0.46;;;;;;;;
0.24;;;;;;;;
0.19;;;;;;;;
-0.65;;;;;;;;
-0.58;;;;;;;;
0.12;;;;;;;;
-0.68;;;;;;;;
0.75;;;;;;;;
-0.64;;;;;;;;
0.61;;;;;;;;
-2.10;;;;;;;;
1.94;;;;;;;;
-1.00;;;;;;;;
2.99;;;;;;;;
-0.63;;;;;;;;
0.81;;;;;;;;
-0.29;;;;;;;;
-1.51;;;;;;;;
0.98;;;;;;;;
-0.48;;;;;;;;
0.73;;;;;;;;
1.25;;;;;;;;
-1.72;;;;;;;;
-0.91;;;;;;;;
-0.59;;;;;;;;
-3.35;;;;;;;;
-0.65;;;;;;;;
4.30;;;;;;;;
-0.78;;;;;;;;
0.60;;;;;;;;
-0.90;;;;;;;;
-0.77;;;;;;;;
-0.64;;;;;;;;
1.07;;;;;;;;
0.95;;;;;;;;
-1.43;;;;;;;;
0.13;;;;;;;;
2.11;;;;;;;;
-6.33;;;;;;;;
1.31;;;;;;;;
-0.13;;;;;;;;
0.38;;;;;;;;
0.81;;;;;;;;
0.50;;;;;;;;
-1.74;;;;;;;;
1.23;;;;;;;;
1.49;;;;;;;;
-6.76;;;;;;;;
8.13;;;;;;;;
-2.62;;;;;;;;
2.97;;;;;;;;
-1.70;;;;;;;;
4.11;;;;;;;;
4.12;;;;;;;;
-0.63;;;;;;;;
2.19;;;;;;;;
-5.05;;;;;;;;
0.13;;;;;;;;
1.14;;;;;;;;
-4.66;;;;;;;;
-2.74;;;;;;;;
0.57;;;;;;;;
0.48;;;;;;;;
2.98;;;;;;;;
0.80;;;;;;;;
-4.88;;;;;;;;
5.14;;;;;;;;
5.68;;;;;;;;
3.00;;;;;;;;
-1.96;;;;;;;;
-8.51;;;;;;;;
-2.60;;;;;;;;
-1.87;;;;;;;;
8.97;;;;;;;;
1.53;;;;;;;;
1.74;;;;;;;;
-0.38;;;;;;;;
-0.92;;;;;;;;
1.81;;;;;;;;
2.17;;;;;;;;
-1.57;;;;;;;;
13.12;;;;;;;;
-0.28;;;;;;;;
1.05;;;;;;;;
2.10;;;;;;;;
0.42;;;;;;;;
0.15;;;;;;;;
5.08;;;;;;;;
4.13;;;;;;;;
0.12;;;;;;;;
-4.09;;;;;;;;
-1.87;;;;;;;;
3.17;;;;;;;;
-0.97;;;;;;;;
7.25;;;;;;;;
-3.47;;;;;;;;
0.35;;;;;;;;
-0.93;;;;;;;;
0.41;;;;;;;;
0.13;;;;;;;;
-5.73;;;;;;;;
-1.00;;;;;;;;
2.28;;;;;;;;
-1.95;;;;;;;;
8.38;;;;;;;;
-1.51;;;;;;;;
2.09;;;;;;;;
-1.14;;;;;;;;
2.15;;;;;;;;
3.85;;;;;;;;
0.31;;;;;;;;
8.74;;;;;;;;
-5.71;;;;;;;;
-1.89;;;;;;;;
-5.64;;;;;;;;
0.93;;;;;;;;
-1.09;;;;;;;;
4.17;;;;;;;;
11.40;;;;;;;;
-6.04;;;;;;;;
-0.06;;;;;;;;
0.52;;;;;;;;
13.98;;;;;;;;
1.33;;;;;;;;
5.67;;;;;;;;
-6.03;;;;;;;;
3.16;;;;;;;;
-7.24;;;;;;;;
14.17;;;;;;;;
-38.18;;;;;;;;
0.71;;;;;;;;
-0.67;;;;;;;;
-1.32;;;;;;;;
-9.47;;;;;;;;
-2.85;;;;;;;;
0.99;;;;;;;;
3.44;;;;;;;;
-0.03;;;;;;;;
-1.64;;;;;;;;
4.35;;;;;;;;
0.09;;;;;;;;
-1.96;;;;;;;;
-1.11;;;;;;;;
0.14;;;;;;;;
-5.51;;;;;;;;
-3.58;;;;;;;;
-3.11;;;;;;;;
3.34;;;;;;;;
-0.32;;;;;;;;
0.89;;;;;;;;
0.17;;;;;;;;
-5.80;;;;;;;;
4.89;;;;;;;;
-2.23;;;;;;;;
0.29;;;;;;;;
-4.20;;;;;;;;
1.11;;;;;;;;
-1.13;;;;;;;;
0.90;;;;;;;;
4.03;;;;;;;;
-2.96;;;;;;;;
2.77;;;;;;;;
0.73;;;;;;;;
0.62;;;;;;;;
1.38;;;;;;;;
4.51;;;;;;;;
-1.20;;;;;;;;
-0.47;;;;;;;;
-0.61;;;;;;;;
0.46;;;;;;;;
-1.53;;;;;;;;
2.24;;;;;;;;
-0.95;;;;;;;;
5.41;;;;;;;;
3.37;;;;;;;;
3.21;;;;;;;;
-1.11;;;;;;;;
0.52;;;;;;;;
-3.01;;;;;;;;
-0.80;;;;;;;;
1.11;;;;;;;;
-0.64;;;;;;;;
-2.22;;;;;;;;
0.18;;;;;;;;
1.78;;;;;;;;
-0.99;;;;;;;;
0.37;;;;;;;;
8.41;;;;;;;;
-0.98;;;;;;;;
2.01;;;;;;;;
-1.99;;;;;;;;
4.59;;;;;;;;
-2.73;;;;;;;;
-1.39;;;;;;;;
5.05;;;;;;;;
5.34;;;;;;;;
-0.07;;;;;;;;
0.03;;;;;;;;
5.41;;;;;;;;
-3.10;;;;;;;;
0.06;;;;;;;;
-0.72;;;;;;;;
-2.12;;;;;;;;
1.14;;;;;;;;
0.65;;;;;;;;
0.75;;;;;;;;
0.17;;;;;;;;
-0.78;;;;;;;;
-0.96;;;;;;;;
-2.45;;;;;;;;
5.10;;;;;;;;
-0.65;;;;;;;;
0.43;;;;;;;;
-1.93;;;;;;;;
9.84;;;;;;;;
-3.75;;;;;;;;
-3.16;;;;;;;;
0.73;;;;;;;;
-2.50;;;;;;;;
0.82;;;;;;;;
-0.09;;;;;;;;
-0.33;;;;;;;;
-1.69;;;;;;;;
-2.45;;;;;;;;
0.28;;;;;;;;
-0.59;;;;;;;;
1.99;;;;;;;;
2.79;;;;;;;;
-1.33;;;;;;;;
-0.19;;;;;;;;
-1.34;;;;;;;;
-1.97;;;;;;;;
-2.52;;;;;;;;
4.50;;;;;;;;
-1.17;;;;;;;;
4.88;;;;;;;;
0.42;;;;;;;;
2.91;;;;;;;;
-5.27;;;;;;;;
0.40;;;;;;;;
-4.54;;;;;;;;
-5.60;;;;;;;;
-0.47;;;;;;;;
-0.66;;;;;;;;
-3.72;;;;;;;;
0.16;;;;;;;;
0.33;;;;;;;;
-1.85;;;;;;;;
-1.65;;;;;;;;
-0.33;;;;;;;;
1.06;;;;;;;;
-3.65;;;;;;;;
2.72;;;;;;;;
0.52;;;;;;;;
-4.62;;;;;;;;
-1.55;;;;;;;;
0.20;;;;;;;;
-1.14;;;;;;;;
2.37;;;;;;;;
-1.18;;;;;;;;
0.46;;;;;;;;
1.13;;;;;;;;
0.01;;;;;;;;
-2.77;;;;;;;;
2.38;;;;;;;;
-3.62;;;;;;;;
3.25;;;;;;;;
6.82;;;;;;;;
16.45;;;;;;;;
-0.54;;;;;;;;
-7.01;;;;;;;;
-2.24;;;;;;;;
-0.20;;;;;;;;
3.35;;;;;;;;
0.07;;;;;;;;
-1.30;;;;;;;;
0.95;;;;;;;;
-2.14;;;;;;;;
-2.14;;;;;;;;
0.77;;;;;;;;
-0.15;;;;;;;;
0.46;;;;;;;;
-3.68;;;;;;;;
-0.13;;;;;;;;
4.83;;;;;;;;
-0.19;;;;;;;;
4.36;;;;;;;;
-3.42;;;;;;;;
-0.09;;;;;;;;
-1.06;;;;;;;;
-1.85;;;;;;;;
0.94;;;;;;;;
0.05;;;;;;;;
2.98;;;;;;;;
-1.80;;;;;;;;
0.31;;;;;;;;
1.35;;;;;;;;
-4.38;;;;;;;;
-0.86;;;;;;;;
-11.90;;;;;;;;
-3.48;;;;;;;;
0.39;;;;;;;;
-1.81;;;;;;;;
-1.00;;;;;;;;
1.14;;;;;;;;
-0.28;;;;;;;;
-0.79;;;;;;;;
-0.26;;;;;;;;
-0.55;;;;;;;;
0.05;;;;;;;;
-0.75;;;;;;;;
2.72;;;;;;;;
0.52;;;;;;;;
-1.90;;;;;;;;
-0.93;;;;;;;;
-0.70;;;;;;;;
1.66;;;;;;;;
-2.47;;;;;;;;
-0.11;;;;;;;;
-0.48;;;;;;;;
2.44;;;;;;;;
6.23;;;;;;;;
1.61;;;;;;;;
0.24;;;;;;;;
0.97;;;;;;;;
-2.25;;;;;;;;
-4.48;;;;;;;;
-1.86;;;;;;;;
2.42;;;;;;;;
-0.20;;;;;;;;
-2.46;;;;;;;;
2.88;;;;;;;;
-0.29;;;;;;;;
-5.99;;;;;;;;
-1.32;;;;;;;;
5.91;;;;;;;;
0.97;;;;;;;;
-1.33;;;;;;;;
0.38;;;;;;;;
2.58;;;;;;;;
-7.68;;;;;;;;
-4.38;;;;;;;;
-1.57;;;;;;;;
2.40;;;;;;;;
-4.87;;;;;;;;
-1.38;;;;;;;;
0.53;;;;;;;;
4.58;;;;;;;;
-2.85;;;;;;;;
7.61;;;;;;;;
1.40;;;;;;;;
2.88;;;;;;;;
1.15;;;;;;;;
3.08;;;;;;;;
5.20;;;;;;;;
0.86;;;;;;;;
-0.13;;;;;;;;
0.56;;;;;;;;
-3.83;;;;;;;;
-0.48;;;;;;;;
1.22;;;;;;;;
-0.85;;;;;;;;
-4.59;;;;;;;;
-2.27;;;;;;;;
-1.59;;;;;;;;
2.10;;;;;;;;
-0.97;;;;;;;;
9.70;;;;;;;;
2.90;;;;;;;;
-13.03;;;;;;;;
6.01;;;;;;;;
-9.77;;;;;;;;
-3.85;;;;;;;;
3.75;;;;;;;;
-6.23;;;;;;;;
-3.66;;;;;;;;
2.05;;;;;;;;
7.10;;;;;;;;
1.80;;;;;;;;
2.59;;;;;;;;
-1.53;;;;;;;;
-6.80;;;;;;;;
10.29;;;;;;;;
2.13;;;;;;;;
-0.99;;;;;;;;
-9.86;;;;;;;;
-3.47;;;;;;;;
10.26;;;;;;;;
-13.02;;;;;;;;
9.57;;;;;;;;
6.32;;;;;;;;
1.26;;;;;;;;
1.56;;;;;;;;
5.00;;;;;;;;
7.10;;;;;;;;
2.70;;;;;;;;
2.31;;;;;;;;
-2.78;;;;;;;;
4.12;;;;;;;;
1.47;;;;;;;;
1.92;;;;;;;;
5.61;;;;;;;;
0.64;;;;;;;;
3.43;;;;;;;;
-1.37;;;;;;;;
4.90;;;;;;;;
-3.60;;;;;;;;
-0.84;;;;;;;;
2.38;;;;;;;;
0.21;;;;;;;;
1.25;;;;;;;;
-5.07;;;;;;;;
-7.28;;;;;;;;
2.26;;;;;;;;
0.16;;;;;;;;
3.18;;;;;;;;
-4.73;;;;;;;;
-0.69;;;;;;;;
-0.74;;;;;;;;
0.87;;;;;;;;
8.38;;;;;;;;
0.75;;;;;;;;
1.56;;;;;;;;
3.30;;;;;;;;
-3.98;;;;;;;;
-0.60;;;;;;;;
-2.50;;;;;;;;
12.80;;;;;;;;
-2.10;;;;;;;;
-5.62;;;;;;;;
-3.39;;;;;;;;
2.19;;;;;;;;
2.65;;;;;;;;
11.08;;;;;;;;
-2.19;;;;;;;;
10.84;;;;;;;;
2.88;;;;;;;;
0.93;;;;;;;;
1.86;;;;;;;;
1.00;;;;;;;;
-0.23;;;;;;;;
-0.92;;;;;;;;
1.37;;;;;;;;
5.11;;;;;;;;
1.67;;;;;;;;
0.54;;;;;;;;
2.18;;;;;;;;
-0.12;;;;;;;;
1.57;;;;;;;;
-0.17;;;;;;;;
3.68;;;;;;;;
-4.77;;;;;;;;
-1.27;;;;;;;;
2.46;;;;;;;;
1.80;;;;;;;;
-0.34;;;;;;;;
0.49;;;;;;;;
0.06;;;;;;;;
1.07;;;;;;;;
0.39;;;;;;;;
3.67;;;;;;;;
-2.79;;;;;;;;
1.81;;;;;;;;
-0.24;;;;;;;;
0.95;;;;;;;;
-4.63;;;;;;;;
1.83;;;;;;;;
-1.81;;;;;;;;
1.42;;;;;;;;
2.90;;;;;;;;
0.20;;;;;;;;
2.87;;;;;;;;
-0.79;;;;;;;;
1.03;;;;;;;;
17.40;;;;;;;;
0.70;;;;;;;;
0.06;;;;;;;;
-0.33;;;;;;;;
2.11;;;;;;;;
-0.24;;;;;;;;
2.78;;;;;;;;
0.55;;;;;;;;
-1.77;;;;;;;;
-0.54;;;;;;;;
0.44;;;;;;;;
0.01;;;;;;;;
-2.00;;;;;;;;
0.55;;;;;;;;
0.77;;;;;;;;
0.11;;;;;;;;
-0.47;;;;;;;;
2.12;;;;;;;;
1.39;;;;;;;;
0.01;;;;;;;;
-0.16;;;;;;;;
0.13;;;;;;;;
-1.28;;;;;;;;
-0.43;;;;;;;;
1.95;;;;;;;;
-0.61;;;;;;;;
0.34;;;;;;;;
-0.01;;;;;;;;
3.99;;;;;;;;
-2.18;;;;;;;;
-0.72;;;;;;;;
-0.03;;;;;;;;
0.51;;;;;;;;
-0.22;;;;;;;;
0.15;;;;;;;;
-0.64;;;;;;;;
2.34;;;;;;;;
-9.02;;;;;;;;
3.78;;;;;;;;
1.23;;;;;;;;
-1.14;;;;;;;;
1.63;;;;;;;;
0.30;;;;;;;;
6.52;;;;;;;;
1.58;;;;;;;;
0.18;;;;;;;;
0.36;;;;;;;;
-0.26;;;;;;;;
-0.76;;;;;;;;
0.36;;;;;;;;
-1.74;;;;;;;;
0.75;;;;;;;;
-0.15;;;;;;;;
8.38;;;;;;;;
-0.46;;;;;;;;
-1.73;;;;;;;;
0.63;;;;;;;;
-0.32;;;;;;;;
-1.76;;;;;;;;
0.79;;;;;;;;
1.00;;;;;;;;
-0.81;;;;;;;;
1.49;;;;;;;;
-0.68;;;;;;;;
-2.65;;;;;;;;
-0.93;;;;;;;;
0.05;;;;;;;;
-0.65;;;;;;;;
0.90;;;;;;;;
-0.53;;;;;;;;
1.67;;;;;;;;
-0.19;;;;;;;;
-4.62;;;;;;;;
2.29;;;;;;;;
-1.27;;;;;;;;
1.41;;;;;;;;
0.40;;;;;;;;
-2.48;;;;;;;;
4.41;;;;;;;;
-3.00;;;;;;;;
-0.38;;;;;;;;
0.09;;;;;;;;
-9.07;;;;;;;;
-0.41;;;;;;;;
-0.34;;;;;;;;
-1.38;;;;;;;;
6.66;;;;;;;;
-1.11;;;;;;;;
0.81;;;;;;;;
-3.09;;;;;;;;
2.16;;;;;;;;
3.46;;;;;;;;
-3.72;;;;;;;;
2.35;;;;;;;;
-3.71;;;;;;;;
8.67;;;;;;;;
-5.47;;;;;;;;
0.51;;;;;;;;
-5.68;;;;;;;;
1.71;;;;;;;;
-1.43;;;;;;;;
4.00;;;;;;;;
-5.66;;;;;;;;
10.62;;;;;;;;
0.79;;;;;;;;
4.28;;;;;;;;
9.85;;;;;;;;
0.45;;;;;;;;
0.07;;;;;;;;
-2.13;;;;;;;;
-5.13;;;;;;;;
2.92;;;;;;;;
-2.54;;;;;;;;
-3.15;;;;;;;;
3.81;;;;;;;;
1.33;;;;;;;;
-2.02;;;;;;;;
-6.21;;;;;;;;
-5.44;;;;;;;;
2.07;;;;;;;;
-6.21;;;;;;;;
-1.96;;;;;;;;
5.07;;;;;;;;
-6.37;;;;;;;;
0.15;;;;;;;;
10.86;;;;;;;;
0.68;;;;;;;;
-5.62;;;;;;;;
4.02;;;;;;;;
-11.14;;;;;;;;
0.69;;;;;;;;
-5.88;;;;;;;;
1.45;;;;;;;;
-6.84;;;;;;;;
-12.75;;;;;;;;
0.58;;;;;;;;
-0.60;;;;;;;;
-1.61;;;;;;;;
-2.23;;;;;;;;
-8.97;;;;;;;;
0.27;;;;;;;;
-0.05;;;;;;;;
0.29;;;;;;;;
0.17;;;;;;;;
-0.92;;;;;;;;
-1.42;;;;;;;;
0.88;;;;;;;;
0.70;;;;;;;;
-0.23;;;;;;;;
1.52;;;;;;;;
-0.61;;;;;;;;
0.43;;;;;;;;
0.49;;;;;;;;
0.60;;;;;;;;
-0.22;;;;;;;;
-2.25;;;;;;;;
-0.16;;;;;;;;
-0.48;;;;;;;;
0.05;;;;;;;;
-0.40;;;;;;;;
0.06;;;;;;;;
-0.26;;;;;;;;
-0.37;;;;;;;;
0.07;;;;;;;;
0.91;;;;;;;;
-1.30;;;;;;;;
-1.84;;;;;;;;
-0.25;;;;;;;;
0.18;;;;;;;;
6.42;;;;;;;;
0.14;;;;;;;;
0.53;;;;;;;;
0.66;;;;;;;;
-5.70;;;;;;;;
-0.49;;;;;;;;
-0.15;;;;;;;;
1.09;;;;;;;;
0.14;;;;;;;;
-0.79;;;;;;;;
0.98;;;;;;;;
1.18;;;;;;;;
-0.46;;;;;;;;
-1.04;;;;;;;;
-0.24;;;;;;;;
0.20;;;;;;;;
-0.46;;;;;;;;
-0.86;;;;;;;;
3.56;;;;;;;;
0.43;;;;;;;;
-2.28;;;;;;;;
-1.86;;;;;;;;
-0.19;;;;;;;;
-0.59;;;;;;;;
4.03;;;;;;;;
1.71;;;;;;;;
0.76;;;;;;;;
1.42;;;;;;;;
-3.76;;;;;;;;
-0.23;;;;;;;;
0.44;;;;;;;;
0.15;;;;;;;;
2.27;;;;;;;;
0.65;;;;;;;;
-0.27;;;;;;;;
1.09;;;;;;;;
0.89;;;;;;;;
-3.42;;;;;;;;
-1.71;;;;;;;;
-2.90;;;;;;;;
-8.81;;;;;;;;
1.25;;;;;;;;
-0.31;;;;;;;;
1.29;;;;;;;;
2.44;;;;;;;;
0.45;;;;;;;;
-0.72;;;;;;;;
-0.48;;;;;;;;
2.46;;;;;;;;
3.00;;;;;;;;
-0.36;;;;;;;;
0.55;;;;;;;;
2.58;;;;;;;;
2.71;;;;;;;;
-1.92;;;;;;;;
3.57;;;;;;;;
-3.53;;;;;;;;
1.47;;;;;;;;
-2.92;;;;;;;;
4.27;;;;;;;;
0.70;;;;;;;;
1.31;;;;;;;;
-1.01;;;;;;;;
-0.98;;;;;;;;
1.30;;;;;;;;
1.40;;;;;;;;
-5.86;;;;;;;;
3.98;;;;;;;;
-6.57;;;;;;;;
-3.18;;;;;;;;
-1.20;;;;;;;;
0.18;;;;;;;;
-5.48;;;;;;;;
-1.53;;;;;;;;
-0.97;;;;;;;;
-1.58;;;;;;;;
-5.49;;;;;;;;
-0.50;;;;;;;;
-0.31;;;;;;;;
0.74;;;;;;;;
3.11;;;;;;;;
-2.90;;;;;;;;
-2.60;;;;;;;;
8.74;;;;;;;;
4.31;;;;;;;;
-0.04;;;;;;;;
0.96;;;;;;;;
-1.88;;;;;;;;
1.28;;;;;;;;
0.81;;;;;;;;
8.78;;;;;;;;
6.02;;;;;;;;
1.55;;;;;;;;
0.48;;;;;;;;
-0.46;;;;;;;;
-2.02;;;;;;;;
1.21;;;;;;;;
-5.48;;;;;;;;
-0.60;;;;;;;;
-0.81;;;;;;;;
2.42;;;;;;;;
0.95;;;;;;;;
-0.76;;;;;;;;
1.38;;;;;;;;
-1.24;;;;;;;;
3.65;;;;;;;;
-0.65;;;;;;;;
2.95;;;;;;;;
6.12;;;;;;;;
-4.62;;;;;;;;
0.90;;;;;;;;
-2.69;;;;;;;;
1.60;;;;;;;;
-0.06;;;;;;;;
1.81;;;;;;;;
-9.99;;;;;;;;
-0.69;;;;;;;;
0.34;;;;;;;;
0.42;;;;;;;;
4.25;;;;;;;;
-0.77;;;;;;;;
1.58;;;;;;;;
-3.75;;;;;;;;
5.38;;;;;;;;
-3.80;;;;;;;;
-4.79;;;;;;;;
1.72;;;;;;;;
-9.89;;;;;;;;
-1.53;;;;;;;;
-0.96;;;;;;;;
0.46;;;;;;;;
0.42;;;;;;;;
1.78;;;;;;;;
-2.98;;;;;;;;
1.05;;;;;;;;
1.56;;;;;;;;
0.47;;;;;;;;
1.50;;;;;;;;
-1.14;;;;;;;;
5.10;;;;;;;;
-3.29;;;;;;;;
0.13;;;;;;;;
-1.71;;;;;;;;
-1.57;;;;;;;;
1.09;;;;;;;;
-6.05;;;;;;;;
-4.96;;;;;;;;
-1.53;;;;;;;;
3.54;;;;;;;;
-0.08;;;;;;;;
2.32;;;;;;;;
-3.41;;;;;;;;
-1.55;;;;;;;;
-2.34;;;;;;;;
-0.15;;;;;;;;
2.61;;;;;;;;
0.60;;;;;;;;
-6.72;;;;;;;;
-3.21;;;;;;;;
1.45;;;;;;;;
-1.98;;;;;;;;
-2.99;;;;;;;;
-2.04;;;;;;;;
1.62;;;;;;;;
-0.61;;;;;;;;
5.69;;;;;;;;
1.87;;;;;;;;
-1.87;;;;;;;;
-1.69;;;;;;;;
0.57;;;;;;;;
4.77;;;;;;;;
-3.87;;;;;;;;
4.52;;;;;;;;
-7.94;;;;;;;;
7.88;;;;;;;;
1.59;;;;;;;;
-1.34;;;;;;;;
0.60;;;;;;;;
7.17;;;;;;;;
1.30;;;;;;;;
3.50;;;;;;;;
-2.06;;;;;;;;
-3.57;;;;;;;;
4.39;;;;;;;;
1.48;;;;;;;;
-0.33;;;;;;;;
13.95;;;;;;;;
1.52;;;;;;;;
1.10;;;;;;;;
-3.69;;;;;;;;
1.90;;;;;;;;
4.27;;;;;;;;
-2.29;;;;;;;;
-0.31;;;;;;;;
-8.37;;;;;;;;
5.00;;;;;;;;
3.56;;;;;;;;
-1.66;;;;;;;;
1.24;;;;;;;;
-3.57;;;;;;;;
-10.61;;;;;;;;
1.95;;;;;;;;
-4.12;;;;;;;;
-3.86;;;;;;;;
-1.05;;;;;;;;
-4.19;;;;;;;;
2.32;;;;;;;;
-2.18;;;;;;;;
0.00;;;;;;;;
3.48;;;;;;;;
4.88;;;;;;;;
4.45;;;;;;;;
-4.85;;;;;;;;
-0.02;;;;;;;;
0.81;;;;;;;;
-10.38;;;;;;;;
0.15;;;;;;;;
-4.27;;;;;;;;
8.74;;;;;;;;
-4.94;;;;;;;;
-0.89;;;;;;;;
-6.09;;;;;;;;
-7.62;;;;;;;;
-6.10;;;;;;;;
-0.74;;;;;;;;
0.53;;;;;;;;
3.76;;;;;;;;
0.92;;;;;;;;
5.91;;;;;;;;
-2.40;;;;;;;;
2.40;;;;;;;;
7.99;;;;;;;;
-1.13;;;;;;;;
-4.72;;;;;;;;
3.20;;;;;;;;
-5.98;;;;;;;;
-6.80;;;;;;;;
0.40;;;;;;;;
7.72;;;;;;;;
-6.17;;;;;;;;
8.77;;;;;;;;
1.65;;;;;;;;
5.73;;;;;;;;
11.03;;;;;;;;
-4.32;;;;;;;;
10.31;;;;;;;;
-5.77;;;;;;;;
-1.38;;;;;;;;
5.44;;;;;;;;
8.54;;;;;;;;
-1.13;;;;;;;;
10.42;;;;;;;;
-15.25;;;;;;;;
-11.06;;;;;;;;
3.64;;;;;;;;
-3.11;;;;;;;;
-10.72;;;;;;;;